ID	Level	Area	Name	Log Message Example	Description	Format
0F000001	INFO	Proxy / Connection Framework Manager	HTTPS content inspection list imported	HTTPS content inspection exception list imported	"When a pre-defined HTTPS exception list is imported, this event log is generated to inform the user."	HTTPS content inspection exception list imported
0F010015	WARN	Proxy / Connection Framework Manager	APT threat notified	APT threat notified. Details='%s'	"When APT server analysis result returned and identified as certain level threat, this event log will be generated to inform that the APT notification has been sent with detailed information."	APT threat notified. Details='Policy Name: HTTPS-proxy-00 Reason: high APT threat detected Task_UUID: d09445005c3f4a9a9bb78c8cb34edc2a Source IP: 10.0.1.2 Source Port: 43130 Destination IP: 67.228.175.200 Destination Port: 443 Proxy Type: HTTP Proxy Host: analysis.lastline.com Path: /docs/lastline-demo-sample.exe'
0F010016	INFO	Proxy / Connection Framework Manager	APT safe result from file submission. Details='%s'	APT safe result from file submission. Details='%s'	Ñ	APT safe result from file submission. Details='Policy Name: HTTP-OUT-00 Reason: clean Message: APT safe object Task_UUID: 7a1e1500e92a410fa44d907f96b9209e MD5: d2723ba60dc88ec1ea449be9eee601cc Source IP: 10.0.1.2 Source Port: 50293 Destination IP: 100.100.100.3 Destination Port: 80 Proxy Type: HTTP Proxy Host: 100.100.100.3 Path: /test.exe'
1C0200CD	ERROR	Proxy / FTP	Ruleset lookup failed	Cannot get the rule from ruleset '%s'	FTP proxy -- Failed to check the specified ruleset	Cannot get the rule from ruleset 'request/download'
1B0400CE	ERROR	Proxy / SMTP	Ruleset lookup failed	Ruleset '%s' lookup failed	SMTP proxy -- Failed to check the specified ruleset	Ruleset 'envelope/greeting' lookup failed
1DFF0000	INFO	Proxy / DNS	Invalid number of questions	DNS invalid number of questions	The traffic was blocked because the message included an invalid number of questions.	"Deny 1-Trusted 0-External udp 10.0.1.5 192.168.53.143 56701 53 msg="ProxyDeny: DNS invalid number of questions" (DNS-proxy-00)"
1DFF0001	INFO	Proxy / DNS	Query name oversized	DNS oversized query name	"The DNS query was blocked because the DNS query name exceeded the allowed buffer size, which varies from 0 kilobytes to 64 kilobytes."	"Deny 1-Trusted 0-External udp 10.0.1.5 192.168.53.143 56702 53 msg="ProxyDeny: DNS oversized query name" (DNS-proxy-00)"
1DFF0002	INFO	Proxy / DNS	Query name compressed	DNS compressed query name	The DNS query was blocked because the domain name was compressed.	"Deny 1-Trusted 0-External udp 10.0.1.5 192.168.53.143 56703 53 msg="ProxyDeny: DNS compressed query name" (DNS-proxy-00)"
1DFF0003	INFO	Proxy / DNS	Parse error	DNS Parse error	The DNS request was blocked because the proxy failed to parse the domain name.	"Deny 1-Trusted 0-External udp 10.0.1.5 192.168.53.143 56704 53 msg="ProxyDeny: DNS parse error" (DNS-proxy-00)"
1DFF0004	INFO	Proxy / DNS	Not Internet CLASS	DNS Not Internet CLASS	The DNS query was not Internet CLASS. The log message specifies the action taken and the CLASS.	"Deny 1-Trusted 0-External udp 10.0.1.5 192.168.53.143 46828 53 msg="ProxyDeny: DNS Not Internet CLASS" proxy_act="DNS-Outgoing.1" query_class="ANY" (DNS-proxy-00)"
1DFF0005	INFO	Proxy / DNS	OPcode match	DNS OpCode match	"The OpCode matched a configured rule, or the default rule of no match. The log message specifies the action taken, the rule, and the OpCode."	"Deny 1-Trusted 0-External udp 10.0.1.3 192.168.130.81 36755 53 msg="ProxyDeny: DNS OpCode match" proxy_act="DNS-Outgoing.1" rule_name="Query" query_opcode="QUERY" (DNS-proxy-00)"
1DFF0006	INFO	Proxy / DNS	Query type match	DNS query type match	"The query type matched a configured rule, or the default rule of no match. The log message specifies the action taken, the rule matched, and the query type."	"Deny 2-Optional-1 0-External udp 10.0.2.2 192.168.130.245 53710 53 msg="ProxyDeny: DNS query type match" proxy_act="DNS-Outgoing.1" rule_name="PTR record" query_type="PTR" (DNS-proxy-00)"
1DFF0007	INFO	Proxy / DNS	Question undersized	DNS undersized question	The DNS query was blocked because the query size was less than the minimum valid size of 17 bytes.	"Deny 1-Trusted 0-External udp 10.0.1.5 192.168.53.143 56704 53 msg="ProxyDeny: DNS undersized question" (DNS-proxy-00)"
1DFF0008	INFO	Proxy / DNS	Question oversized	DNS oversized question	The DNS query was blocked because the query size exceeds the maximum allowed size of 271 bytes.	"Deny 1-Trusted 0-External udp 10.0.1.5 192.168.53.143 56705 53 msg="ProxyDeny: DNS oversized question" (DNS-proxy-00)"
1DFF0009	INFO	Proxy / DNS	Timeout	DNS timeout	The DNS connection was idle longer than the configured timeout value in the DNS policy.	"Deny 1-Trusted 0-External udp 10.0.1.5 192.168.53.143 54807 53 msg="ProxyDrop: DNS timeout" (DNS-proxy-00)"
1DFF000A	INFO	Proxy / DNS	Response answer undersized	DNS undersized answer	The DNS response was blocked because the response size was less than the minimum value of 17 bytes.	"Deny 1-Trusted 0-External udp 10.0.1.5 192.168.53.143 56706 53 msg="ProxyDeny: DNS undersized answer" (DNS-proxy-00)"
1DFF000C	INFO	Proxy / DNS	Response ID Invalid	DNS invalid response	The DNS response was blocked because the response ID did not match the current or previous request ID.	"Deny 1-Trusted 0-External udp 10.0.1.5 192.168.53.143 56706 53 msg="ProxyDeny: DNS invalid response" (DNS-proxy-00)"
1DFF000E	INFO	Proxy / DNS	Query question match	DNS question match	"The DNS query name matched a configured rule, or the default rule of no match. The log message specifies the rule matched, action taken, and query name."	"Deny 1-Trusted 0-External udp 10.0.1.3 192.168.130.81 59806 53 msg="ProxyDeny: DNS question match" proxy_act="DNS-Outgoing.1" rule_name="GStatic" query_type="A" question="ssl.gstatic.com" (DNS-proxy-00)"
1DFF000F	INFO	Proxy / DNS	Request	DNS request	The DNS request audit log specifies the query type and name.	"Allow 2-Optional-1 0-External udp 10.0.2.2 192.168.130.245 61758 53 msg="DNS request" proxy_act="DNS-Outgoing.1" query_type="PTR" question="1.0.0.127.dnsbugtest.1.0.0.127.in-addr.arpa" (DNS-proxy-00)"
1DFF0010	INFO	Proxy / DNS	IPS match	DNS IPS match	"Intrusion Prevention Service (IPS) detected an intrusion threat. The log message specifies the signature ID, threat severity, signature name, and signature category."	"Deny 0-External 1-Trusted udp 10.0.1.5 192.168.53.143 1024 53 msg="ProxyDrop: DNS IPS match" proxy_act="DNS-Outgoing.1" signature_id="1056125" severity="4" signature_name="EXPLOIT Tftpd32 DNS Server Buffer Overflow" signature_cat="Buffer Over Flow" (DNS-proxy-00)"
1DFF0012	INFO	Proxy / DNS	Application match	DNS App match	"Application Control identified the application type from the DNS client query and server response. The log message specifies the application name and ID, the application category name and ID, and the behavior name and ID."	"Allow 1-Trusted 0-External udp 10.0.1.3 192.168.130.81 36755 53 msg="ProxyAllow: DNS App match" proxy_act="DNS-Outgoing.1" app_cat_name="Network Management" app_cat_id="9" app_name="DNS" app_id="61" app_beh_name="access" app_beh_id="6" (DNS-proxy-00)"
1CFF0000	INFO	Proxy / FTP	User name too long	FTP user name too long	The user name exceeds the maximum length specified in the FTP proxy. The default is 64 characters.	"Deny 1-Trusted 0-External tcp 10.0.1.49 11.11.11.2 60774 21 msg="ProxyDeny: FTP user name too long" proxy_act="FTP-Client.1" user="testusertestuser1" length="17" (FTP-proxy-00)"
1CFF0001	INFO	Proxy / FTP	Password too long	FTP user password too long	The password specified for the user exceeds the maximum length configured in the FTP proxy. The default maximum length is 32 characters.	"Deny 1-Trusted 0-External tcp 10.0.1.49 11.11.11.2 60776 21 msg="ProxyDeny: FTP user password too long" proxy_act="FTP-Client.1" length="17" (FTP-proxy-00)"
1CFF0002	INFO	Proxy / FTP	File or directory name too long	FTP file or directory name too long	"The file or directory name exceeds the maximum length configured in the FTP proxy. The default maximum length is 1,024 bytes."	"Deny 1-Trusted 0-External tcp 10.0.1.49 11.11.11.2 60782 21 msg="ProxyDeny: FTP file or directory name too long" proxy_act="FTP-Client.1" length="5" (FTP-proxy-00)"
1CFF0003	INFO	Proxy / FTP	Command line too long	FTP command line too long	"The command exceeded the maximum length configured in the FTP proxy. The default maximum length is 1,030 characters."	"Deny 1-Trusted 0-External tcp 10.0.1.49 11.11.11.2 60784 21 msg="ProxyDeny: FTP command line too long" proxy_act="FTP-Client.1" length="12" (FTP-proxy-00)"
1CFF0004	INFO	Proxy / FTP	Exceeded maximum allowed login attempts	FTP exceeded maximum permitted login attempts	The user exceeded the configured maximum number of allowed failed log in attepmts per connection. The default limit is 6.	"Deny 1-Trusted 0-External tcp 10.0.1.49 11.11.11.2 49162 21 msg="ProxyDrop: FTP exceeded maximum permitted login attempts" (FTP-proxy-00)"
1CFF0005	INFO	Proxy / FTP	Command match	FTP command match	"The command matched a configured rule, or the default of no match. For the FTP-server proxy action, the default is to deny any command that does not appear on the list. For the FTP-client proxy action, there is no default restriction on commands. The log message specifies the proxy action, action taken, and the command."	"Deny 1-Trusted 0-External tcp 10.0.1.49 11.11.11.2 49196 21 msg="ProxyDeny: FTP command match" proxy_act="FTP-Client.2" rule_name="LIST" command="ls" (FTP-proxy-00)"
1CFF0006	INFO	Proxy / FTP	Download match	FTP download match	"The file type matched a configured download rule, or the default rule of no match. The log message specifies the proxy action, action taken, and file type."	"Deny 1-Trusted 0-External tcp 10.0.1.49 11.11.11.2 49208 21 msg="ProxyDeny: FTP download match" proxy_act="FTP-Client.2" rule_name="*.zip" file_name="hostname.zip" (FTP-proxy-00)"
1CFF0007	INFO	Proxy / FTP	Upload match	FTP upload match	"The file type matched a configured upload rule, or the default rule of no match. The log message specifies the proxy action, action taken, and file type."	"Deny 1-Trusted 0-External tcp 10.0.1.49 11.11.11.2 49228 21 msg="ProxyDeny: FTP upload match" proxy_act="FTP-Client.2" rule_name="ISO" file_name="test.iso" (FTP-proxy-00)"
1CFF0008	INFO	Proxy / FTP	Timeout	FTP timeout	The connection exceeded the configured idle time value. The default is 180 seconds.	"Deny 1-Trusted 0-External tcp 10.0.1.49 11.11.11.2 49561 21 msg="ProxyDrop: FTP timeout" (FTP-proxy-00)"
1CFF0009	INFO	Proxy / FTP	Invalid request	FTP invalid request	"The FTP proxy rejected the command because of a lack of required arguments, such as a user name. The log message specifies the proxy action and command."	"Deny 1-Trusted 0-External tcp 10.0.1.49 11.11.11.2 49579 21 msg="ProxyDeny: FTP invalid request" proxy_act="FTP-Client.2" reason="No username value provided for USER command" (FTP-proxy-00)"
1CFF000C	INFO	Proxy / FTP	Request	FTP request	This log message for the FTP request transaction includes the source and destination IP addresses for the initial connections.	"Allow 1-Trusted 0-External tcp 10.0.1.49 11.11.11.2 49590 21 msg="FTP request" proxy_act="FTP-Client.2" ctl_src="10.0.1.49:47553" ctl_dst="11.11.11.2:5120" file="test.exe" rcvd_bytes="1084" sent_bytes="0" user="testuser" type="download" (FTP-proxy-00)"
1CFF000D	INFO	Proxy / FTP	IPS match	FTP IPS match	"Intrusion Prevention Service (IPS) detected a threat. The action configured for an IPS Match will be applied to the traffic. The log message includes the signature ID, threat severity, signature name, and signature category."	"Deny 0-External 1-Trusted tcp 11.11.11.2 11.11.11.5 1024 21 msg="ProxyDrop: FTP IPS match" proxy_act="FTP-Client.3" signature_id="1110297" severity="4" signature_name="EXPLOIT FlashGet FTP PWD Command Stack buffer overflow -1" signature_cat="Buffer Over Flow" (FTP-proxy-00)"
1CFF000E	INFO	Proxy / FTP	GAV Virus found	FTP Virus found	Gateway AntiVirus (GAV) detected a virus or malware in the attachment. The log message specifies the detected virus name and the file name of the attachment.	"Deny 0-External 1-Trusted tcp 11.11.11.2 11.11.11.5 20 56528 msg="ProxyDrop: FTP Virus found" proxy_act="FTP-Client.3" ctl_src="11.11.11.2:5120" ctl_dst="10.0.1.49:47553" virus="EICAR_Test" file="eicar.com" (FTP-proxy-00)"
1CFF000F	INFO	Proxy / FTP	GAV scan error	FTP AV scanning error	Gateway AntiVirus (GAV) failed to scan due to the error specified in the log message.	"Deny 0-External 1-Trusted tcp 11.11.11.2 11.11.11.5 20 44485 msg="ProxyDrop: FTP AV scanning error" proxy_act="FTP-Client.3" ctl_src="11.11.11.2:5120" ctl_dst="10.0.1.49:47553" error="avg scanner is not created" file="eicar.com" (FTP-proxy-00)"
1CFF0010	INFO	Proxy / FTP	Application match	FTP App match	"Application Control identified an application in the FTP client request or server response. The log message specifies the proxy action, application control action, action taken, application name and ID, application category and ID, and application behavior name and ID."	"Allow 1-Trusted 0-External tcp 10.0.1.49 11.11.11.2 49843 21 msg="ProxyAllow: FTP App match" proxy_act="FTP-Client.3" app_cat_name="File Transfer" app_cat_id="3" app_name="FTP Applications" app_id="1" app_beh_name="authority" app_beh_id="1" (FTP-proxy-00)"
1CFF0011	INFO	Proxy / FTP	DLP violation found	FTP DLP violation found	"Data Loss Prevention (DLP) detected a rule violation. The log message specifies the proxy action, the DLP sensor name, DLP rule name, the authenticated user, and the file name. The log message also specifies the source and destination IP addresses and port for the control channel of the FTP session."	"Deny 0-External 1-Trusted tcp 11.11.11.2 11.11.11.5 20 37611 msg="ProxyDrop: FTP DLP violation found" proxy_act="FTP-Client.3" ctl_src="10.0.1.49:47553" ctl_dst="11.11.11.2:5120" dlp_sensor="test" dlp_rule="SocialsecuritynumberswithqualifyingtermsUSA" authenticated_user="testuser" file="test.docx" (FTP-proxy-00)"
1CFF0012	INFO	Proxy / FTP	DLP cannot perform scan	FTP cannot perform DLP scan	Data Loss Prevention (DLP) failed to scan because of the error specified in the log message.	"Allow 0-External 1-Trusted tcp 11.11.11.2 11.11.11.5 20 52217 msg="ProxyAllow: FTP cannot perform DLP scan" proxy_act="FTP-Client.3" ctl_src="11.11.11.2:5120" ctl_dst="10.0.1.49:47553" error="Error: DLP not initialized" file="ssn.docx" (FTP-proxy-00)"
1CFF0013	INFO	Proxy / FTP	DLP cannot scan object	FTP DLP object unscannable	"Data Loss Prevention (DLP) could not scan and analyze the attachment because it is encrypted. The log message specifies the DLP sensor name, error message, the authenticated user, and the file name."	"Allow 0-External 1-Trusted tcp 11.11.11.2 11.11.11.5 20 43974 msg="ProxyAllow: FTP DLP object unscannable" proxy_act="FTP-Client.3" ctl_src="11.11.11.2:5120" ctl_dst="10.0.1.49:47553" dlp_sensor="test" error="unscannable object (File was encrypted)" authenticated_user="testuser" file="test.zip" (FTP-proxy-00)"
1CFF0014	INFO	Proxy / FTP	DLP object too large	FTP DLP object too large	"Data Loss Prevention (DLP) could not analyze the attachment because the file was larger than the configured limit. The limit varies by platform, from one to five MB. The log message specifies the DLP sensor name and error message."	"Allow 0-External 1-Trusted tcp 11.11.11.2 11.11.11.5 20 43813 msg="ProxyAllow: FTP DLP object too large" proxy_act="FTP-Client.3" error="DLP scan limit (5242880) exceeded" (FTP-proxy-00)"
1CFF0015	INFO	Proxy / FTP	APT threat detected	FTP APT detected	"APT Blocker identified a threat. The log message specifies the threat level, threat name, threat class, malicious activities, and file name where the threat was located."	"Deny 0-External 1-Trusted tcp 11.11.11.2 11.11.11.5 20 58661 msg="ProxyDrop: FTP APT detected" proxy_act="FTP-Client.3" ctl_src="11.11.11.2:5120" ctl_dst="10.0.1.49:47553" md5="03e7ef270a157090e2f68079603b10fc" task_uuid="d21914d5a2bc4b618fae72da3b1c137e" threat_level="low" file="apt.txt" (FTP-proxy-00)"
1CFF0017	INFO	Proxy / FTP	File submitted to APT analysis server	FTP File submitted to APT analysis server	File submitted to APT analysis server for deep threat analysis. A separate log message will appear when the result is retrieved from the APT analysis server.	"Allow 0-External 1-Trusted tcp 11.11.11.2 11.11.11.5 20 43490 msg="ProxyAllow: FTP File submitted to APT analysis server" proxy_act="FTP-Client.3" ctl_src="11.11.11.2:5120" ctl_dst="10.0.1.49:47553" md5="03e7ef270a157090e2f68079603b10fc" task_uuid="d21914d5a2bc4b618fae72da3b1c137e" file="apt.txt""
1CFF0018	INFO	Proxy / FTP	File reported safe from APT hash check	FTP File reported safe from APT hash check	APT hash check did not report a threat from the object	"Allow 0-External 1-Trusted tcp 11.11.11.2 11.11.11.5 20 43490 msg="ProxyAllow: FTP File reported safe from APT hash check" proxy_act="FTP-Client.3" ctl_src="11.11.11.2:5120" ctl_dst="10.0.1.49:47553" md5="03e7ef270a157090e2f68079603b10fc" task_uuid="d21914d5a2bc4b618fae72da3b1c137e" file="apt.txt""
1CFF0019	ERROR	Proxy / FTP	FTP Bounce Attempt	FTP Bounce Attempt	FTP proxy -- User attempted FTP bounce	"Deny 1-Trusted 0-External tcp 10.0.1.2 192.168.53.164 37989 21 msg="ProxyBlock: FTP Bounce Attempt" proxy_act="FTP-Client.Standard" bounce ip="10.0.1.101""
2AFF0000	INFO	Proxy / H.323	Timeout	H323 timeout	The connection was idle longer than the configured timeout value. The default value is 180 seconds.	"Deny 1-Trusted 0-External tcp 10.0.1.5 192.168.53.143 1720 1720 msg="ProxyDrop: H323 timeout" (H323-ALG-00)"
2AFF0001	INFO	Proxy / H.323	Request	H323 request	This log message specifies the IP addresses for the completed H323 call.	"Allow 1-Trusted 0-External tcp 10.0.1.2 192.168.53.167 3233 1720 msg="H323 request" proxy_act="H.323-Client.1" call_from="10.0.1.2" call_to="192.168.53.167" rcvd_bytes="171444" sent_bytes="256488" (H323-ALG-00)"
2AFF0002	INFO	Proxy / H.323	Codec	H323 codec	The media codec is denied because it matched a configured Denied Codec. The log message specifies the codec.	"Deny 1-Trusted 0-External tcp 10.0.1.2 192.168.53.167 3230 1720 msg="ProxyDeny: H323 codec" proxy_act="H.323-Client.1" codec="(unknown)" (H323-ALG-00)"
2AFF0003	INFO	Proxy / H.323	Access control	H323 Access control	The header address is allowed or denied because it matches an Access Control rule configured in the H323 policy. The log message specifies the address.	"Allow 1-Trusted 0-External tcp 10.0.1.2 192.168.53.167 3232 1720 msg="ProxyAllow: H323 Access control" proxy_act="H.323-Client.1" From-header="10.0.1.2" (H323-ALG-00)"
2AFF0006	INFO	Proxy / H.323	IPS match	H323 IPS match	"Intrusion Prevention Service (IPS) detected an intrusion threat. The log message specifies the signature ID, threat severity, signature name, signature category, destination host name, and URI path."	"Deny 0-External 1-Trusted tcp 10.0.1.5 192.168.53.143 3234 3230 msg="ProxyDrop: H323 IPS match" proxy_act="H.323-Client.1" signature_id="1112506" severity="4" signature_name="EXPLOIT Digium Asterisk Invalid RTP Payload Type Number Memory Corruption" signature_cat="Access Control" (H323-ALG-00)"
2AFF0007	INFO	Proxy / H.323	Application match	H323 App match	"Application Control detected an application type from the transaction. The log message specifies the action taken, the application name and ID, application category name and ID, and the application behavior name and ID."	"Deny 1-Trusted 0-External tcp 10.0.1.6 192.168.53.167 3234 3230 msg="ProxyDrop: H323 App match" proxy_act="H.323-Client.1" app_cat_name="Voice over IP" app_cat_id="6" app_name="H.323" app_id="2" app_beh_name="access" app_beh_id="6" (H323-ALG-00)"
1AFF0001	INFO	Proxy / HTTP	Session timeout with server idle	HTTP server response timeout	The HTTP session has timed out because no traffic has been received from the server for the specified amount of time. (Default: 10 minutes)	"Deny 1-Trusted 6-Ext-access tcp 10.0.1.2 192.168.53.82 60654 80 msg="ProxyDeny: HTTP server response timeout" (HTTP-proxy-00)"
1AFF0002	INFO	Proxy / HTTP	Session timeout with client idle	HTTP client request timeout	The HTTP session has timed out because no traffic has been received from the client for the specified amount of time. (Default: 10 minutes)	"Deny 1-Trusted 6-Ext-access tcp 10.0.1.2 23.3.105.139 60680 80 msg="ProxyDeny: HTTP client request timeout" (HTTP-proxy-00)"
1AFF0003	INFO	Proxy / HTTP	Session timeout with close complete command timeout	HTTP close complete timeout	The Close HTTP Session command timed out because no response to the FIN packet was received within the response time limit (3 minutes).	"Deny 1-Trusted 6-Ext-access tcp 10.0.1.2 182.168.53.82 60654 80 msg="ProxyDeny: HTTP close complete timeout" (HTTP-proxy-00)"
1AFF0004	INFO	Proxy / HTTP	Oversize Start-Line	HTTP Start-Line oversize	"The first line of the client request or server response is longer than the configured maximum line length. The default maximum length is 4,096 bytes."	"Deny 1-Trusted 6-Ext-access tcp 10.0.1.2 134.170.188.84 52662 80 msg="ProxyDeny: HTTP Start-Line oversize" (HTTP-proxy-00)"
1AFF0005	INFO	Proxy / HTTP	Invalid Request-Line format	HTTP Invalid Request-Line Format	The request line from the client does not match the standard format of [Method][SP][Request-URI][SP][HTTP/Version]. The incorrect status-line is specified in the log message.	"Deny 1-Trusted 0-External tcp 10.0.1.2 192.168.53.92 52668 80 msg="ProxyDeny: HTTP invalid Request-Line Format" proxy_act="HTTP-Client.5" line="\x03\x03\x0d\x0a" (HTTP-proxy-00)"
1AFF0006	INFO	Proxy / HTTP	Invalid Status-Line format	HTTP invalid Status-Line format	The status line from the server does not match the standard format of [HTTP/Version][SP][Status Code][SP][Reason]. The incorrect status-line is specified in the log message.	"Deny 1-Trusted 6-Ext-access tcp 10.0.1.2 194.219.221.195 64610 80 msg="ProxyDeny: HTTP invalid Status-Line format" proxy_act="HTTP-Client.2" line="\x03\x00\x00Kh\x80\x00\x07\x02,\x97\x02\xcc\x18M\xe4\xbe\xff\xa8\x87_a\x07\xb1\xa3d\x9f\x82\xc2\xea\xa2\xe17\x9f\xc8@+\xde\x7f\x7f\x0a" (HTTP-proxy-00)"
1AFF0007	INFO	Proxy / HTTP	Header line oversize	HTTP header line oversize	"A single client request or server response line is longer than the configured maximum line length. The default maximum length is 4,096 bytes."	"Deny 1-Trusted 6-Ext-access tcp 10.0.1.2 74.125.25.105 64152 80 msg="ProxyDeny: HTTP header line oversize" proxy_act="HTTP-Client.4" line="X-Frame-Options: " (HTTP-proxy-00)"
1AFF0008	INFO	Proxy / HTTP	Header block oversize	HTTP header block oversize	"The client request or server response header block length is longer than the configured limit. If maximum total length is enabled, the default limit is 16,384 bytes."	"Deny 1-Trusted 0-External tcp 10.0.1.2 77.237.248.69 50019 80 msg="ProxyDeny: HTTP header block oversize" proxy_act="HTTP-Client.1" line="Date: Fri, 30 May 2014 16:50:51 GMT\x0d\x0a" (HTTP-proxy-00)"
1AFF0009	INFO	Proxy / HTTP	header block parse error	HTTP header block parse error	The HTTP proxy cannot process the header line because the format is incorrect. The required format is [Name]:[Value].	"Deny 1-Trusted 0-External tcp 10.0.1.2 54.230.68.99 58900 80 msg="ProxyDeny: header block parse error" (HTTP-proxy-00)"
1AFF000A	INFO	Proxy / HTTP	Request missing URL path	HTTP request URL path missing	The HTTP proxy cannot complete the URL because the host or URI value is missing. The HTTP request is denied.	"Deny 1-Trusted 0-External tcp 10.0.1.2 54.230.68.99 58900 80 msg="ProxyDeny: HTTP request URL path missing" proxy_act="HTTP-Client.1" line="Date: Fri, 30 May 2014 18:50:51 GMT\x0d\x0a""
1AFF000B	INFO	Proxy / HTTP	Request URL match	HTTP request URL match	"The requested URL matched a configured URL path in the HTTP proxy. By default, all URL paths are allowed."	"Allow 1-Trusted 0-External tcp 10.0.1.2 173.194.33.185 60351 80 msg="ProxyAllow: HTTP request URL match" proxy_act="HTTP-Client.1" rule_name="Default" dstname="pagead2.googlesyndication.com" arg="/pagead/osd.js" (HTTP-proxy-00)"
1AFF000C	INFO	Proxy / HTTP	Chunk size line oversize	HTTP chunk size line oversize	The HTTP chunk size line does not terminate correctly with a carriage return and line-feed (CRLF). The invalid line is specified in the log message.	"Deny 1-Trusted 0-External tcp 10.0.1.2 100.100.100.11 40656 80 msg="ProxyDeny: HTTP chunk size line oversize" proxy_act="HTTP-Client.2" line="\x03\x00\x00Kh\x80\x00\x07\x02,\x97\x02\xcc\x18M\xe4\xbe\xff\xa8\x87_a\x07\xb1\xa3d\x9f\x82\xc2\xea\xa2\xe17\x9f\xc8@+\xde\x7f\x7f\x0a" (HTTP-proxy-00)"
1AFF000D	INFO	Proxy / HTTP	Chunk size line invalid	HTTP chunk size invalid	The HTTP chunk size line has an invalid hexadecimal value. The invalid line is specified in the log message.	"Deny 1-Trusted 0-External tcp 10.0.1.2 100.100.100.11 40722 80 msg="ProxyDeny: HTTP chunk size invalid" proxy_act="HTTP-Client.2" line="k7\x0d\x0a" (HTTP-proxy-00)"
1AFF000E	INFO	Proxy / HTTP	Chunk no CRLF tail	HTTP chunk CRLF tail missing	The HTTP chunk does not close with a carriage return and line feed (CRLF) because the chunk block is missing the closing characters. This is required for each chunk when chunked transfer-encoding is in use. The log message includes the invalid chunk tail line.	"Deny 1-Trusted 0-External tcp 10.0.1.2 77.237.248.69 50019 80 msg="ProxyDeny: HTTP chunk CRLF tail missing" proxy_act="HTTP-Client.1" line="This string missing the Carriage Return in the terminating CF-LF pair\x0a" (HTTP-proxy-00)"
1AFF000F	INFO	Proxy / HTTP	Footer line oversize	HTTP footer line oversize	"One line of the HTTP footer, an additional header sent at the end of a message is larger than the configured line limit. The default line limit is 4,096 bytes."	"Deny 1-Trusted 0-External tcp 10.0.1.2 100.100.100.11 40662 80 msg="ProxyDeny: HTTP footer line oversize" proxy_act="HTTP-Client.2" line="\x03\x00\x00Kh\x80\x00\x07\x02,\x97\x02\xcc\x18M\xe4\xbe\xff\xa8\x87_a\x07\xb1\xa3d\x9f\x82\xc2\xea\xa2\xe17\x9f\xc8@+\xde\x7f\x7f\x0a" (HTTP-proxy-00)"
1AFF0010	INFO	Proxy / HTTP	Footer block oversize	HTTP footer block oversize	"The HTTP footer includes additional header information that is larger than the configured block limit size. The default total message limit, if enabled, is 16,384 bytes. The log message includes information about the invalid line."	"Deny 1-Trusted 0-External tcp 10.0.1.2 100.100.100.11 40688 80 msg="ProxyDeny: HTTP footer block oversize" proxy_act="HTTP-Client.2" line="\x03\x00\x00Kh\x80\x00\x07\x02,\x97\x02\xcc\x18M\xe4\xbe\xff\xa8\x87_a\x07\xb1\xa3d\x9f\x82\xc2\xea\xa2\xe17\x9f\xc8@+\xde\x7f\x7f\x0a" (HTTP-proxy-00)"
1AFF0011	INFO	Proxy / HTTP	Footer block parse error	HTTP footer block parse error	The HTTP footer includes an additional header field with syntax that violates the header format restrictions.	"Deny 1-Trusted 0-External tcp 10.0.1.2 100.100.100.11 40705 80 msg="ProxyDeny: HTTP footer block parse error" (HTTP-proxy-00)"
1AFF0012	INFO	Proxy / HTTP	Body content type match	HTTP Body Content Type match	The HTTP content either matches a configured Body Content Type or no Body Content Type is defined (only the default rule is in use).	"Allow 1-Trusted 0-External tcp 10.0.1.2 192.168.53.92 52089 80 msg="ProxyAllow: HTTP Body Content Type match" proxy_act="HTTP-Client.1" rule_name="Default" (HTTP-proxy-00)"
1AFF0013	INFO	Proxy / HTTP	Header content malformed	HTTP header malformed	The HTTP header line does not follow the correct syntax for a client request or server response header. The log message contains the header line with the syntax error.	"Allow 1-Trusted 0-External tcp 10.0.1.2 192.168.53.92 41048 80 msg="ProxyStrip: HTTP header malformed" proxy_act="393296" header="WWW-Authenticate: \x0d\x0a""
1AFF0016	INFO	Proxy / HTTP	Header Transfer-Encoding match	HTTP header transfer encoding match	"The Transfer-Encoding in the HTTP header matches a configured rule, or the default rule of no match. The log message specifies the matching rule name and header value."	"Allow 1-Trusted 0-External tcp 10.0.1.2 100.100.100.11 40719 80 msg="ProxyAllow: HTTP header Transfer-Encoding match" proxy_act="HTTP-Client.2" rule_name="chunked" encoding="chunked" (HTTP-proxy-00)"
1AFF0018	INFO	Proxy / HTTP	Header content type match	HTTP header Content Type match	"The HTTP header Content Type matches a configured rule, or the default rule of no match. The log message specifies the matching rule name and header value."	"Allow 1-Trusted 0-External tcp 10.0.1.2 198.252.206.140 52047 80 msg="ProxyAllow: HTTP header Content Type match" proxy_act="HTTP-Client.1" rule_name="text/*" content_type="text/html" (HTTP-proxy-00)"
1AFF0019	INFO	Proxy / HTTP	Request version match	HTTP request version match	"The HTTP version specified in the HTTP request line matches a configured rule, or the default rule of no match. The log specifies the matched rule name and the request line."	"Deny 1-Trusted 0-External tcp 10.0.1.2 100.100.100.11 40627 80 msg="ProxyDeny: HTTP request version match" proxy_act="HTTP-Client.2" rule_name="Default" line="GET /index.html HTTP/1.8\x0d\x0a" (HTTP-proxy-00)"
1AFF001A	INFO	Proxy / HTTP	Request method match	HTTP request method match	"The HTTP request method specified in the Request-Line matches a configured rule, or the default rule of no match. The log message specifies the matched rule name and the method."	"Allow 1-Trusted 0-External tcp 10.0.1.2 50.16.229.215 52301 80 msg="ProxyAllow: HTTP request method match" proxy_act="HTTP-Client.1" rule_name="GET" method="GET" (HTTP-proxy-00)"
1AFF001B	INFO	Proxy / HTTP	Header match	HTTP header match	"The HTTP header line matches a configured rule, or the default rule of no match. The log message specifies the matched rule name and header line."	"Allow 1-Trusted 0-External tcp 10.0.1.2 50.16.229.215 52301 80 msg="ProxyAllow: HTTP header match" proxy_act="HTTP-Client.1" rule_name="Default" header="Host: www.walkscore.com\x0d\x0a" (HTTP-proxy-00)"
1AFF001C	INFO	Proxy / HTTP	Header cookie domain match	HTTP header cookie domain match	"The cookie domain header matches a configured rule, or the default rule of no match. The log message includes the matched rule name and the cookie domain."	"Deny 1-Trusted 0-External tcp 10.0.1.2 50.16.229.215 52466 80 msg="ProxyDeny: HTTP header cookie domain match" proxy_act="HTTP-Client.1" rule_name="DoubleClick.com" domain=".doubleclick.com" (HTTP-proxy-00)"
1AFF001D	INFO	Proxy / HTTP	Request host missing	HTTP request host missing	The HTTP request header is missing the host value.	"Deny 1-Trusted 6-Ext-access tcp 10.0.1.2 192.168.53.82 60654 80 msg="ProxyDeny: HTTP request host missing" (HTTP-proxy-00)"
1AFF001E	INFO	Proxy / HTTP	Header authentication scheme match	HTTP header auth scheme match	"The authentication scheme in the HTTP header server response matches one of the configured rules, or the default rule of no match. The log message specifies the matched rule name and the authentication scheme."	"Allow 1-Trusted 6-Ext-access tcp 10.0.1.2 192.168.53.92 4910 80 msg="ProxyAllow: HTTP Header auth scheme match" proxy_act="HTTP-Client.1" rule_name="Basic" scheme="Basic" (HTTP-proxy-00)"
1AFF001F	INFO	Proxy / HTTP	Request method not supported	HTTP request method unsupported	The HTTP request method does not match a configured rule. The log message specifies the method in use.	"Deny 1-Trusted 6-Ext-access tcp 10.0.1.2 192.168.53.92 64152 80 msg="ProxyDeny: HTTP request method unsupported" proxy_act="HTTP-Client.1" method="OPTIONS" (HTTP-proxy-00)"
1AFF0020	INFO	Proxy / HTTP	Request port mismatch	HTTP request port mismatch	Relative-URI is in use and the port specified in the HTTP request host header does not match the port used for the connection.	"Deny 1-Trusted 6-Ext-access tcp 10.0.1.2 192.168.53.92 64152 80 msg="ProxyDeny: HTTP request port mismatch" proxy_act="HTTP-Client.1" (HTTP-proxy-00)"
1AFF0021	INFO	Proxy / HTTP	Request categories	HTTP Request categories	"The HTTP request is sent to a web address that matched a selected WebBlocker category. The log message specifies the action taken by the proxy, the URL, and the category matched."	"Allow 1-Trusted 0-External tcp 10.0.1.2 50.16.210.117 50790 80 msg="ProxyAllow: HTTP Request categories" proxy_act="HTTP-Client.2" cats="Reference Materials" op="GET" dstname="www.walkscore.com" arg="/" (HTTP-proxy-00)"
1AFF0022	INFO	Proxy / HTTP	Service unavailable	HTTP service unavailable	WebBlocker categorization failed because the configured WebBlocker server is not available. The log message specifies the profile name and a more detailed error message.	"Deny 2-Internal-traffic 4-External-traffic tcp 192.168.2.23 23.21.224.150 60921 80 msg="ProxyDeny: HTTP service unavailable" proxy_act="HTTP-Client.1" service="WebBlocker.1" details="Webblocker server is not available" (HTTP-proxy-00)"
1AFF0023	INFO	Proxy / HTTP	Request URL path oversize	HTTP request URL path oversize	"The URI in the HTTP Request-Line is longer than the configured limit. The default limit is 2,048 bytes. The log message specifies the oversize URI."	"Deny 1-Trusted 6-Ext-access tcp 10.0.1.2 173.194.33.167 64279 80 msg="ProxyDeny: HTTP request URL path oversize" proxy_act="HTTP-Client.1" path="/crx/blobs/QwAAAHF3InbmK-wFIemaY3I3BCMqOfjjbz3ZPr0OdvcXp8cUu10k48t_h-qsRfYvKPciETPh6ZMAQTV8WL-Rx-lfADpBbs0T0xmHzDv3tYNK4R4eAMZSmuX1YAUWVQlL6kSI-xpS-vSmdvbuQg/extension_0_1_0_12919.crx" (HTTP-proxy-00)"
1AFF0024	INFO	Proxy / HTTP	Request	HTTP request	A detailed summary of the last HTTP proxy transaction.	"Allow 1-Trusted 6-Ext-access tcp 10.0.1.2 192.168.53.92 64425 80 msg="HTTP request" proxy_act="HTTP-Client.1" op="GET" dstname="192.168.53.92" arg="/" sent_bytes="339" rcvd_bytes="2" elapsed_time="5.037750 sec(s)" (HTTP-proxy-00)"
1AFF0025	INFO	Proxy / HTTP	Header IPS rule match	HTTP header IPS match	"Intrusion Prevention Service (IPS) detected an intrusion in the client request or server response header. The log message specifies the action taken, signature ID, threat severity, signature name, signature category, destination host name, and URI path."	"Deny 1-Trusted 0-External tcp 10.0.1.2 107.20.162.187 55531 80 msg="ProxyDeny: HTTP header IPS match" proxy_act="HTTP-Client.1" signature_id="1055396" severity="5" signature_name="WEB Cross-site Scripting -9" signature_cat="Web Attack" host="intext.nav-links.com" path="/util/intexteval.pl?action=startup" (HTTP-proxy-00)"
1AFF0026	INFO	Proxy / HTTP	Body IPS rule match	HTTP body IPS match	"Intrusion Prevention Service (IPS) detected an intrusion in the client request or server response content body. The log message specifies the action taken, signature ID, threat severity, signature name, signature category, destination host name, and URI path."	"Deny 4-Trusted-1 0-External tcp 192.168.53.92 188.40.238.252 45617 443 msg="ProxyDeny: HTTP body IPS match" proxy_act="HTTP-Client.4" signature_id="1051723" severity="5" signature_name="Virus Eicar test string" signature_cat="Virus/Worm" host="secure.eicar.org" path="/eicar.com.txt" src_user="testuser@test.net" (HTTPS-proxy-00)"
1AFF0028	INFO	Proxy / HTTP	GAV Virus found	HTTP Virus found	"Gateway AntiVirus (GAV) detected a virus or malware. The log message specifies the virus name, destination host name, and URI path."	"Deny 2-Internal-traffic 4-External-traffic tcp 10.0.1.8 192.168.53.92 57525 80 msg="ProxyDrop: HTTP Virus found" proxy_act="HTTP-Client.1" virus="EICAR_Test" host="192.168.53.92" path="/viruses/eicar.com" (HTTP-proxy-00)"
1AFF0029	INFO	Proxy / HTTP	GAV scan error	HTTP AV scanning error	"Gateway AntiVirus (GAV) failed to scan because of an error. The log message specifies the error message, the destination host name, and URI path."	"Allow 1-Trusted 0-External tcp 10.0.1.2 8.25.35.115 51859 80 msg="ProxyAllow: HTTP AV scanning error" proxy_act="HTTP-Client.3" error="avg scanner is not created" host="api.yontoo.com" path="/LoadJS.ashx" (HTTP-proxy-00)"
1AFF002B	INFO	Proxy / HTTP	Trusted host	HTTP Trusted host	The destination host name matches a proxy exception configured in the HTTP proxy.	"Allow 1-Trusted 0-External tcp 10.0.1.2 134.170.51.254 51941 80 msg="ProxyAllow: HTTP Trusted host" proxy_act="HTTP-Client.3" rule_name="*.windowsupdate.com" (HTTP-proxy-00)"
1AFF002C	INFO	Proxy / HTTP	Bad reputation	HTTP bad reputation	The HTTP proxy blocked access to the destination address because of a bad reputation score for the URL.	"Deny 1-Trusted 0-External tcp 172.16.1.101 188.40.238.250 36834 80 msg="ProxyDeny: HTTP bad reputation" proxy_act="HTTP-ACT-OUT" reputation="100" host="www.eicar.org" path="/download/eicar_com.zip" (HTTP-OUT-00)"
1AFF002D	INFO	Proxy / HTTP	Good reputation	HTTP good reputation	The HTTP proxy did not complete a Gateway AntiVirus (GAV) scan for traffic to the destination address because the URL received a good reputation score.	"Allow 4-Trusted-1 0-External tcp 192.168.53.92 198.35.26.96 45365 80 msg="ProxyAllow: HTTP good reputation" proxy_act="HTTP-Client.4" reputation="1" host="en.wikipedia.org" path="/favicon.ico" src_user="user@test.net" (HTTP-00)"
1AFF002E	INFO	Proxy / HTTP	Application match	HTTP App match	Application Control identified the application type from the HTTP client request or server response stream.	"Allow 4-Trusted-1 0-External tcp 192.168.53.92 198.35.26.96 45365 80 msg="ProxyAllow: HTTP App match" proxy_act="HTTP-Client.4" app_cat_name="Web" app_cat_id="13" app_name="Mozilla Firefox" app_id="12" app_beh_name="access" app_beh_id="6" src_user="test@test.net" (HTTP-00)"
1AFF002F	INFO	Proxy / HTTP	DLP violation found	HTTP DLP violation found	Data Loss Prevention (DLP) detected a violation of DLP rules. The log message only includes information about the first rule matched.	"Allow 1-Trusted 0-External tcp 10.0.1.2 100.100.100.3 59568 80 msg="ProxyAllow: HTTP DLP violation found" proxy_act="HTTP-Client.1" dlp_sensor="sample_dlp_test" dlp_rule="BankaccountdetailsnearpersonallyidentifiableinformationUSA" host="100.100.100.3" path="/cgi-bin/upload.cgi" (HTTP-OUT.1-00)"
1AFF0030	INFO	Proxy / HTTP	DLP cannot perform scan	HTTP cannot perform DLP Scan	Data Loss Prevention (DLP) failed to scan the traffic because of the error specified in the log message.	"Allow 1-Trusted 0-External tcp 10.0.1.3 100.100.100.3 62398 80 msg="ProxyAllow: HTTP cannot perform DLP scan" proxy_act="HTTP-Client.1" dlp_sensor="sample_dlp_test" error="Cannot Perform DLP scanning" (HTTP-proxy-00)"
1AFF0031	INFO	Proxy / HTTP	DLP object unscannable	HTTP DLP object unscannable	Data Loss Prevention (DLP) cannot extract data from an object because it is encrypted.	"Allow 1-Trusted 0-External tcp 10.0.1.2 100.100.100.11 40608 80 msg="ProxyAllow: HTTP DLP object unscannable" proxy_act="HTTP-Client.2" dlp_sensor="PCI Audit Sensor.1" error="unscannable object (File was encrypted)" host="100.100.100.11" path="/password-protected.zip" (HTTP-proxy-00)"
1AFF0032	INFO	Proxy / HTTP	HTTP object too large	HTTP DLP object too large	Data Loss Prevention (DLP) cannot scan the object because it is larger than the configured limit. The default value varies by device type and ranges between 1 and 5 MB.	"Allow 2-optional 0-External tcp 192.168.53.92 172.16.10.14 8902 80 msg="ProxyAllow: HTTP DLP object too large" proxy_act="HTTP-Client.1" dlp_sensor="DLPSensor.1" error="DLP scan limit exceeded" (HTTP-proxy-00)"
1AFF0033	INFO	Proxy / HTTP	Range header	HTTP Range header	This is the configured action (allow or strip) for the HTTP proxy Range header. The default action is strip. The HTTP proxy Range header can allow partial file transfers that impact content scans because the full content is not presented.	"Allow 1-Trusted 0-External tcp 10.0.1.2 100.100.100.15 40535 80 msg="ProxyStrip: HTTP Range header" proxy_act="HTTP-Client.1" header="Accept-Ranges: bytes\x0d\x0a" (HTTP-proxy-00)"
1AFF0034	INFO	Proxy / HTTP	APT threat detected	HTTP APT detected	"APT Blocker detected a threat. The log message specifies the the threat level, threat name, threat class, malicious activities, destination host name, and URI path."	"Deny 2-Internal-traffic 4-External-traffic tcp 192.168.2.20 192.168.3.30 48120 80 msg="ProxyDrop: HTTP APT detected" proxy_act="HTTP-Client.1" host="192.168.3.30" path="/apt_sample.exe" md5="2e77cadb722944a3979571b444ed5183""
1AFF0036	INFO	Proxy / HTTP	File submitted to APT analysis server	HTTP File submitted to APT analysis server	File submitted to APT analysis server for deep threat analysis. The analysis result will be notified when the analysis result is fetched from APT analysis server.	"Allow 2-Internal-traffic 4-External-traffic tcp 192.168.2.20 192.168.3.30 34063 80 msg="ProxyAllow: HTTP File submitted to APT analysis server" proxy_act="HTTP-Client.1" host="192.168.3.30" path="/test/sample.exe" md5="dd0af53fec2267757cd90d633acd549a" task_uuid="35c8ac1aaeee4e5186d584318deb397b" (HTTP-proxy-00)"
1AFF0037	INFO	Proxy / HTTP	Connect tunnel port match	HTTP connect tunnel port match	"The HTTP CONNECT tunnel request port matches a configured rule, or the default rule of no match. The log message specifies the matched rule name and port."	"Allow 1-Trusted Firebox tcp 10.0.1.3 100.100.100.16 53531 3128 msg="ProxyReplace: HTTP connect tunnel port match" proxy_act="Explicit-Web.Standard.1" rule_name="Redirect-HTTPS" port="443" (Explicit-proxy-00)"
1AFF0038	INFO	Proxy / HTTP	Webproxy redirect	HTTP webproxy redirect	The HTTP Webproxy connection was redirected to a different proxy action because of the configuration setting in explicit proxy. The log message specifies the new proxy action used.	"Allow 1-Trusted 0-External tcp 10.0.1.3 100.100.100.16 53532 3128 msg="ProxyReplace: HTTP webproxy redirect" proxy_act="Explicit-Web.Standard.1" redirect_action="HTTPS-Client.Standard" (Explicit-proxy-00)"
1AFF0039	INFO	Proxy / HTTP	File reported safe from APT hash check	HTTP File reported safe from APT hash check	APT hash check did not report a threat from the object	"Allow 2-Internal-traffic 4-External-traffic tcp 192.168.2.20 192.168.3.30 34063 80 msg="ProxyAllow: HTTP File reported safe from APT hash check" proxy_act="HTTP-Client.1" host="192.168.3.30" path="/test/sample.exe" md5="dd0af53fec2267757cd90d633acd549a" task_uuid="35c8ac1aaeee4e5186d584318deb397b" (HTTP-proxy-00)"
1AFF003A	INFO	Proxy / HTTP	Content redirect	HTTP Content redirect	The HTTP content action connection was redirected to a different proxy action because of the configuration. The log message specifies the new proxy action used as well as the current ssl status.	"Allow 0-External 3-Optional-2 tcp 203.0.113.2 203.0.113.3 50560 80 msg="ProxyReplace: HTTP Content Action redirect" proxy_act="HTTP-Content.Standard.1" redirect_action="HTTP-Server.Standard.2" srv_ip="10.0.2.8" srv_port="80" ssl_offload="0" client_ssl="NONE" server_ssl="NONE" (HTTP-proxy-00)"
1AFF003B	INFO	Proxy / HTTP	Request Content match	HTTP Request content match	The request contained content which matched a configured content rule in the HTTP proxy. The log message specifies the content which matched the rule as well as rule details.	"Allow 0-External 1-Trusted tcp 203.0.113.2 203.0.113.2 50428 80 msg="ProxyReplace: HTTP Request content match" proxy_act="HTTP-Content.Standard.1" rule_name="forums" content_type="URN" dstname="203.0.113.2" arg="/forums/index.html" srv_ip="10.0.2.8" srv_port="80" ssl_offload="1" redirect_action="HTTP-Server.Standard.1" (HTTP-proxy-00)"
2CFF0000	INFO	Proxy / HTTPS	Request	HTTPS Request	"HTTPS transaction log includes server name, certificate details and action taken."	"Allow 1-Trusted 0-External tcp 10.0.1.2 173.194.33.184 59277 443 msg="HTTPS Request" proxy_act="HTTPS-Client.Standard.3" sni="www.gstatic.com" cn="*.google.com" cert_issuer="CN=olympus.wgti.net,OU=QA,O=WGTI,L=Seattle,ST=WA,C=US" cert_subject="CN=*.google.com,O=Google Inc,L=Mountain View,ST=California,C=US" action="allow" (HTTPS-proxy-00)"
2CFF0001	INFO	Proxy / HTTPS	WebBlocker Request categories	HTTPS Request categories	WebBlocker identified the category for a web request. The log message specifies the category and host name.	"Allow 1-Trusted 0-External tcp 10.0.1.2 74.125.25.104 44773 443 msg="ProxyAllow: HTTPS Request categories" proxy_act="HTTPS-Client.1" service="Def" cats="Search Engines and Portals" dstname="www.google.com" (HTTPS-proxy-00)"
2CFF0002	INFO	Proxy / HTTPS	WebBlocker service unavailable	HTTPS service unavailable	WebBlocker failed because a WebBlocker Server was not available.	"Allow 1-Trusted 0-External tcp 10.0.1.2 74.125.25.147 51566 443 msg="ProxyAllow: HTTPS service unavailable" proxy_act="HTTPS-Client.1" error="Webblocker server is not available" service="Def" cats="" dstname="www.google.com" (HTTPS-proxy-00)"
2CFF0003	INFO	Proxy / HTTPS	Domain name match	HTTPS domain name match	This rule log includes the matched rule name or default rule of no match and the patterns its been matched against.	"Allow 1-Trusted 0-External tcp 10.0.1.2 173.194.33.176 59545 443 msg="ProxyAllow: HTTPS domain name match" proxy_act="HTTPS-Client.Standard.3" rule_name="*.google.com" sni="www.google.com" cn="" ipaddress="173.194.33.176" (HTTPS-proxy-00)"
2CFF0007	INFO	Proxy / HTTPS	Protocol invalid	HTTPS invalid protocol	The HTTPS proxy detected an invalid SSL version.	"Deny 1-Trusted 0-External tcp 10.0.1.2 192.168.53.143 41551 443 msg="ProxyDrop: HTTPS invalid protocol" proxy_act="HTTPS-Client.1" version="0x9999" length="123" data="\x16\x03\x01\x00{\x01\x00\x00w\x99\x99" (HTTPS-proxy-00)"
2CFF0008	INFO	Proxy / HTTPS	Timeout	HTTPS timeout	The HTTPS connection was idle longer than the timeout value configured in the HTTPS policy. The default is 180 seconds.	"Deny 1-Trusted 0-External tcp 10.0.1.5 192.168.53.143 54707 443 msg="ProxyDrop: HTTPS timeout" (HTTPS-proxy-00)"
2CFF0009	INFO	Proxy / HTTPS	Content inspection	HTTPS content inspection	"The HTTPS traffic was directed to a different proxy action because of the Content Inspection settings in the HTTPS proxy. The log message specifies the new proxy action used for content inspection, as well as the TLS ciphers used for the server and client."	"Allow 1-Trusted 0-External tcp 10.0.1.2 173.194.33.180 59276 443 msg="ProxyInspect: HTTPS content inspection" proxy_act="HTTPS-Client.Standard.3" inspect_action="HTTP-Client.Standard" server_ssl="ECDHE-RSA-AES256-SHA384" client_ssl="ECDHE-RSA-AES256-GCM-SHA384" (HTTPS-proxy-00)"
22FF0000	INFO	Proxy / IMAP	Request	IMAP Request	This audit log message specifies the email message transaction result.	"Allow 1-Trusted 0-External tcp 10.0.1.70 10.148.22.60 53589 143 msg="IMAP Request" proxy_act="IMAP-Client.Standard.1" email_len="652" action="allow" reason="" mbx="INBOX" user="wg" auth_method="plain" (IMAP-proxy-00)"
22FF0001	INFO	Proxy / IMAP	Timeout	IMAP Timeout	The connection was idle for longer than the configured timeout limit. The default limit is 1 minute.	"Deny 1-Trusted 0-External tcp 10.0.1.70 10.148.22.60 53589 143 msg="IMAP Timeout" proxy_act="IMAP-Client.Standard.1" timeout="120" (IMAP-proxy-00)"
22FF0002	INFO	Proxy / IMAP	Malformed Command	IMAP Malformed Command	The IMAP client sent malformed/unsupported command	"Deny 1-Trusted 0-External tcp 10.0.1.70 10.148.22.60 53589 143 msg="IMAP Malformed Command" proxy_act="IMAP-Client.Standard.1" command="CONDSTORE" mbx="INBOX" user="wg" auth_method="plain" (IMAP-proxy-00)"
22FF0004	INFO	Proxy / IMAP	Malformed Response	IMAP Malformed Response	The IMAP server sent malformed/unsupported response	"Deny 1-Trusted 0-External tcp 10.0.1.70 10.148.22.60 53589 143 msg="IMAP Malformed Response" proxy_act="IMAP-Client.Standard.1" response="* 3597 EXISTS" mbx="INBOX" user="wg" auth_method="plain" (IMAP-proxy-00)"
22FF0005	INFO	Proxy / IMAP	Content Type	IMAP Content Type	"A MIME-type matched a configured content type rule, or the default rule of no match. The log message specifies the rule, MIME-type, and user-related information."	"Allow 1-Trusted 0-External tcp 10.0.1.73 10.148.22.60 54116 143 msg="ProxyAvScan: IMAP Content Type" proxy_act="IMAP-Client.Standard.1" rule_name="All text types" content_type="text/plain" mbx="inbox" user="wg" auth_method="plain" (IMAP-proxy-00)"
22FF0006	INFO	Proxy / IMAP	Filename	IMAP Filename	"The attachment matches a configured file name rule, or the default rule of no match. The log message specifies the rule, file name, and user-related information."	"Allow 1-Trusted 0-External tcp 10.0.1.3 100.100.100.3 56079 143 msg="ProxyStrip: IMAP Filename" proxy_act="IMAP-Client.Standard.1" rule_name="Word documents" filename="bug92408.doc" attachment="bug92408.zip.zip" mbx="inbox" user="wg" auth_method="plain" (IMAP-proxy-00)"
22FF0008	INFO	Proxy / IMAP	Virus Found	IMAP Virus Found	"Gateway AntiVirus detected a virus or malware in the file. The log message specifies the virus name, file name, and user-related information."	"Allow 1-Trusted 0-External tcp 10.0.1.3 100.100.100.3 50633 143 msg="ProxyAllow: IMAP Virus Found" proxy_act="IMAP-Client.Standard.1" virus="Eicar" mbx="INBOX" user="wg" (IMAP-proxy-00)"
22FF0009	INFO	Proxy / IMAP	Cannot Perform Gateway AV Scan	IMAP Cannot Perform Gateway AV Scan	Gateway AntiVirus (GAV) failed to scan because of the error specified in the log message	"Allow 1-Trusted 0-External tcp 10.0.1.3 100.100.100.3 50633 143 msg="ProxyLock: IMAP Cannot Perform Gateway AV Scan" proxy_act="IMAP-Client.Standard.1" error="unable to scan" mbx="INBOX" user="wg" (IMAP-proxy-00)"
22FF000A	INFO	Proxy / IMAP	APT detected	IMAP APT detected	APT Blocker found the threat specified in the log message in an attached file.	"Allow 1-Trusted 0-External tcp 10.0.1.3 100.100.100.3 60275 143 msg="ProxyStrip: IMAP APT detected" proxy_act="IMAP-Client.Standard.1" filename="lastline-demo-sample.exe" md5="7abebcf53e97b586c92a9ce5b9985cd4" task_uuid="e8a3730d1f88491c8821712e85d94929" threat_level="high" mbx="INBOX" user="wg" (IMAP-proxy-00)"
22FF000C	INFO	Proxy / IMAP	File Submitted to APT analysis server	IMAP File Submitted to APT analysis server	File submitted to APT analysis server for deep threat analysis. The analysis result will be notified when the analysis result is fetched from APT analysis server.	"Allow 1-Trusted 0-External tcp 10.0.1.3 100.100.100.3 60275 143 msg="ProxyStrip: IMAP File submitted to APT analysis server" proxy_act="IMAP-Client.Standard.1" filename="971d3aa1c683c69f425cc6ddf66833d3d172f0fd.apk" md5="7abebcf53e97b586c92a9ce5b9985cd4" task_uuid="e8a3730d1f88491c8821712e85d94929"APT detected" mbx="INBOX" user="wg" (IMAP-proxy-00)"
22FF000D	INFO	Proxy / IMAP	File reported safe from APT hash check	IMAP File reported safe from APT hash check	APT hash check did not report a threat from the object.	"Allow 1-Trusted 0-External tcp 10.0.1.3 100.100.100.3 60275 143 msg="ProxyStrip: IMAP File reported safe from APT hash check" proxy_act="IMAP-Client.Standard.1" filename="971d3aa1c683c69f425cc6ddf66833d3d172f0fd.apk" md5="7abebcf53e97b586c92a9ce5b9985cd4" task_uuid="e8a3730d1f88491c8821712e85d94929"APT detected" mbx="INBOX" user="wg" (IMAP-proxy-00)"
22FF000E	INFO	Proxy / IMAP	spamBlocker confirmed spam	IMAP Classified as confirmed SPAM	spamBlocker classified the message as confirmed SPAM. The log message specifies the user-related information	"Allow 1-Trusted 0-External tcp 10.0.1.3 100.100.100.3 60275 143 msg="ProxyReplace: IMAP Classified as confirmed SPAM" proxy_act="IMAP-Client.Standard.1" mbx="INBOX" user="wg" (IMAP-proxy-00)"
22FF000F	INFO	Proxy / IMAP	spamBlocker bulk mail	IMAP Classified as bulk mail	spamBlocker classified the message as bulk mail. The log message specifies the user-related information	"Allow 1-Trusted 0-External tcp 10.0.1.3 100.100.100.3 60275 143 msg="ProxyReplace: IMAP Classified as bulk mail" proxy_act="IMAP-Client.Standard.1" mbx="INBOX" user="wg" (IMAP-proxy-00)"
22FF0010	INFO	Proxy / IMAP	spamBlocker suspect spam	IMAP Classified as suspect SPAM	spamBlocker classified the message as suspect SPAM. The log message specifies the user-related information	"Allow 1-Trusted 0-External tcp 10.0.1.3 100.100.100.3 60275 143 msg="ProxyReplace: IMAP Classified as suspect SPAM" proxy_act="IMAP-Client.Standard.1" mbx="INBOX" user="wg" (IMAP-proxy-00)"
22FF0011	INFO	Proxy / IMAP	spamBlocker not scored	IMAP Message could not be scored	spamBlocker cannot score the message. The log message specifies the user-related information	"Allow 1-Trusted 0-External tcp 10.0.1.3 100.100.100.3 60275 143 msg="ProxyAllow: IMAP Message could not be scored" proxy_act="IMAP-Client.Standard.1" mbx="INBOX" user="wg" (IMAP-proxy-00)"
22FF0012	INFO	Proxy / IMAP	spamBlocker exception matched	IMAP spamBlocker exception was matched	The sender for the email matched a spamBlocker exception rule. The log message specifies the rule and user-related information.	"Allow 1-Trusted 0-External tcp 10.0.1.3 100.100.100.3 60275 143 msg="ProxyAllow: IMAP spamBlocker exception was matched" proxy_act="IMAP-Client.Standard.1" mbx="INBOX" user="wg" (IMAP-proxy-00)"
22FF0013	INFO	Proxy / IMAP	spamBlocker not spam	IMAP Classified as not SPAM	spamBlocker classified the message as not SPAM. The log message specifies the user-related information.	"Allow 1-Trusted 0-External tcp 10.0.1.3 100.100.100.3 60275 143 msg="ProxyAllow: IMAP Classified as not SPAM" proxy_act="IMAP-Client.Standard.1" mbx="INBOX" user="wg" (IMAP-proxy-00)"
22FF0014	INFO	Proxy / IMAP	spamBlocker not spam	IMAP Message classification is unknown because an error occurred while classifying	spamBlocker was unable to classify the message because of the error specified in the log message. The log message specifies the user-related information.	"Allow 1-Trusted 0-External tcp 10.0.1.3 100.100.100.3 60275 143 msg="ProxyAllow: IMAP Message classification is unknown because an error occurred while classifying" proxy_act="IMAP-Client.Standard.1" mbx="INBOX" user="wg" (IMAP-proxy-00)"
22FF0015	INFO	Proxy / IMAP	GAV file too large	IMAP Gateway AV object too large	The attachment file size exceeds the Gateway AV scan size limit.	"Allow 1-Trusted 0-External tcp 10.0.1.3 100.100.100.3 50698 143 msg="ProxyAllow: IMAP Gateway AV object too large" proxy_act="IMAP-Client.OUT" attachment="large_file.doc" error="File exceeding the scan size limit" mbx="INBOX" user="wg" (IMAP-proxy-00)"
22FF0016	INFO	Proxy / IMAP	GAV file encrypted	Gateway AV object encrypted (password-protected)	The attachment file is encrypted or password-protected.	"Allow 1-Trusted 0-External tcp 10.0.1.3 100.100.100.3 50698 143 msg="ProxyAllow: IMAP Gateway AV object enrcypted (password-protected)" proxy_act="IMAP-Client.OUT" attachment="password-protected.zip" error="Object Encrypted" mbx="INBOX" user="wg" (IMAP-proxy-00)"
22FF1017	INFO	Proxy / IMAP	Protocol invalid	IMAP invalid TLS protocol	The IMAP proxy detected invalid TLS protocol.	"Deny 1-Trusted 0-External tcp 10.0.1.2 192.168.53.143 41551 993 msg="ProxyDrop: IMAP invalid TLS protocol" proxy_act="IMAP-Client.1" (IMAP-proxy-00)"
22FF1018	INFO	Proxy / IMAP	Content Inspection	IMAP TLS content inspection	The IMAP proxy decrypted a secure connection for content inspection.	"Deny 1-Trusted 0-External tcp 10.0.1.2 192.168.53.143 41551 993 msg="ProxyInspect: IMAP TLS content inspection" proxy_act="IMAP-Client.1" server_ssl="ECDHE-RSA-AES256-SHA384" client_ssl="ECDHE-RSA-AES256-GCM-SHA384" (IMAP-proxy-00)"
21FF0000	INFO	Proxy / POP3	CAPA	POP3 CAPA	The CAPA response contained the unknown or blocked capability that is specified in the log message.	"Deny 1-Trusted 0-External tcp 10.0.1.2 100.100.100.11 43924 110 msg="ProxyDeny: POP3 CAPA" keyword="VERF": (POP3-proxy-00)"
21FF0001	INFO	Proxy / POP3	Authentication	POP3 AUTH	"The authentication type matched a rule, or the default rule of no match. The log message specifies the rule name and authentication type."	"Deny 1-Trusted 0-External tcp 10.0.1.2 100.100.100.11 44047 110 msg="ProxyDeny: POP3 AUTH" proxy_act="POP3-Client.2" rule_name="Default" authtype="KERBOSE_V12" (POP3-proxy-00)"
21FF0002	INFO	Proxy / POP3	Command	POP3 command	The client sent an authentication command when it was not allowed.	"Deny 1-Trusted 0-External tcp 10.0.1.2 100.100.100.11 44225 110 msg="ProxyDeny: POP3 command" proxy_act="POP3-Client.2" keyword="AUTH KERBEROS_V12\x0d\x0a" (POP3-proxy-00)"
21FF0005	INFO	Proxy / POP3	Header	POP3 header	"A POP3 header matched a configured Header rule, or the default rule of no match. The log message specifies the rule and header."	"Allow 1-Trusted 0-External tcp 10.0.1.2 100.100.100.11 43909 110 msg="ProxyStrip: POP3 header" proxy_act="POP3-Client.1" rule_name="Default" header="Delivered-To:Êwg@localhost" (POP3-proxy-00)"
21FF0006	INFO	Proxy / POP3	Content type	POP3 content type	"A MIME-type matched a configured content type rule, or the default rule of no match. The log message specifies the rule, MIME-type, and user name."	"Allow 1-Trusted 0-External tcp 10.0.1.2 100.100.100.11 43909 110 msg="ProxyAllow: POP3 content type" proxy_act="POP3-Client.1" rule_name="All text types" content_type="text/plain" user="wg" (POP3-proxy-00)"
21FF0007	INFO	Proxy / POP3	File name	POP3 filename	"The attachment matches a configured file name rule, or the default rule of no match. The log message specifies the rule, file name, and user name."	"Allow 1-Trusted 0-External tcp 10.0.1.2 100.100.100.11 44035 110 msg="ProxyAvScan: POP3 filename" proxy_act="POP3-Client.1" rule_name="Text files" file_name="high-triggerme.txt" user="wg" (POP3-proxy-00)"
21FF0009	INFO	Proxy / POP3	Timeout	POP3 timeout	The connection was idle for longer than the configured timeout limit. The default limit is 1 minute.	"Deny 1-Trusted 0-External tcp 10.0.1.2 100.100.100.11 44042 110 msg="ProxyDeny: POP3 timeout" proxy_act="POP3-Client.1" timeout="180" (POP3-proxy-00)"
21FF000A	INFO	Proxy / POP3	Request	POP3 request	"This audit log message specifies the bytes sent, bytes received, and user."	"Allow 1-Trusted 0-External tcp 10.0.1.2 100.100.100.11 43909 110 msg="POP3 request" proxy_act="POP3-Client.1" rcvd_bytes="625052" sent_bytes="1433" user="wg" (POP3-proxy-00)"
21FF000C	INFO	Proxy / POP3	IPS match	POP3 IPS match	"Intrusion Prevention Service (IPS) detected an intrusion threat. The log message specifies the action taken, the signature ID, threat severity, signature name, and signature category."	"Deny 0-External 1-Trusted tcp 172.16.180.2 172.16.181.2 1024 25 msg="ProxyDrop: POP3 IPS match" proxy_act="POP3-Incoming.1" signature_id="1110401" severity="4" signature_name="EXPLOIT IBM Lotus Notes Lotus 1-2-3 Work Sheet File Viewer Buffer Overflow (CVE-2007-6593)" signature_cat="Buffer Over Flow" (POP3-proxy-00)"
21FF000F	INFO	Proxy / POP3	GAV Virus found	POP3 Virus found	"Gateway AntiVirus detected a virus or malware in the file. The log message specifies the virus name, user, and file name."	"Allow 1-Trusted 0-External tcp 10.0.1.2 100.100.100.11 44042 110 msg="ProxyAllow: POP3 Virus found" proxy_act="POP3-Client.1" user="wg" filename="sample.apt" virus="Generic34.EFX" (POP3-proxy-00)"
21FF0010	INFO	Proxy / POP3	GAV cannot perform scan	POP3 cannot perform Gateway AV	Gateway AntiVirus (GAV) failed to scan because of the error specified in the log message.	"Allow 1-Trusted 0-External tcp 10.0.1.2 100.100.100.11 39589 25 msg="ProxyLock: POP3 Cannot perform Gateway AV scan" proxy_act="POP3-Client.1" user="wg" filename="message.scr" error="scan request failed" (POP3-proxy-00)"
21FF0012	INFO	Proxy / POP3	Line length too long	POP3 line length too long	"A line exceeds the configured limit. The default is 1,000 bytes. The log message specifies the line length."	"Deny 1-Trusted 0-External tcp 10.0.1.2 100.100.100.11 39457 25 msg="ProxyDeny: POP3 line length too long" proxy_act="POP3-Client.1" line_length="22121" (POP3-proxy-00)"
21FF0014	INFO	Proxy / POP3	Message format	POP3 message format	The message is not in an allowed format. The log message specifies the error and the user.	"Allow 1-Trusted 0-External tcp 10.0.1.2 100.100.100.11 44061 110 msg="ProxyStrip: POP3 message format" proxy_act="POP3-Client.2" file_name="sm_conns.txt" type="uuencode" (POP3-proxy-00)"
21FF0015	INFO	Proxy / POP3	Encoding error	POP3 encoding error	The proxy was unable to decode and encode the message because of the error specified in the log message.	"Allow 0-External 1-Trusted tcp 100.100.106.253 100.100.106.55 51064 110 msg="ProxyStrip: POP3 encoding error" proxy_act="POP3-Server.1" message="invalid b64 characters in input" (POP3-IN-00)"
21FF0016	INFO	Proxy / POP3	spamBlocker confirmed spam	POP3 Classified as confirmed SPAM	spamBlocker classified the message as confirmed SPAM. The log message specifies the sender and recipients.	"Allow 1-Trusted 0-External tcp 10.0.55.253 100.100.100.155 45551 110 msg="ProxyReplace: POP3 Classified as confirmed SPAM" (POP3-OUT-00)"
21FF0017	INFO	Proxy / POP3	spamBlocker BULK spam	POP3 Classified as suspect SPAM	spamBlocker classified the message as bulk SPAM. The log message specifies the sender and recipients.	"Allow 0-External 1-Trusted tcp 100.100.106.253 100.100.106.55 46177 110 msg="ProxyReplace: POP3 Classified as suspect SPAM" (POP3-IN-00)"
21FF0018	INFO	Proxy / POP3	spamBlocker suspect spam	POP3 Classified as suspect SPAM	spamBlocker classified the message as suspect SPAM. The log message specifies the sender and recipients.	"Allow 1-Trusted 0-External tcp 10.0.1.2 100.100.100.11 44249 110 msg="ProxyReplace: POP3 Classified as suspect SPAM" (POP3-proxy-00)"
21FF001A	INFO	Proxy / POP3	spamBlocker exception matched	POP3 spamBlocker exception was matched	"The sender for the email matched a spamBlocker exception rule. The log message specifies the sender, recipient, and subject."	"Allow 1-Trusted 0-External tcp 10.0.1.2 100.100.100.11 43913 110 msg="ProxyAllow: POP3 spamBlocker exception was matched" proxy_act="POP3-Client.1" from="tester@testnet.com" to="wg@localhost" subj_tag="(none)" (POP3-proxy-00)"
21FF001B	INFO	Proxy / POP3	spamBlocker not spam	POP3 Classified as not SPAM	spamBlocker classified the message as not SPAM. The log message specifies the sender and recipients.	"Allow 1-Trusted 0-External tcp 10.0.1.2 100.100.100.11 43924 110 msg="ProxyAllow: POP3 Classified as not SPAM" (POP3-proxy-00)"
21FF001C	INFO	Proxy / POP3	spamBlocker classification unknown	POP3 message classification is unknown because an error occurred while classifying	spamBlocker was unable to classify the message because of the error specified in the log message.	"Allow 1-Trusted 0-External tcp 10.0.55.253 100.100.100.155 53776 110 msg="ProxyAllow: POP3 message classification is unknown because an error occurred while classifying" (POP3-OUT-00)"
21FF001D	INFO	Proxy / POP3	Extra pad characters	POP3 extra pad characters in base64 input	The POP3 proxy encountered extra pad characters in the body of a base64-encoded message.	"Allow 0-External 1-Trusted tcp 100.100.106.253 100.100.106.55 46177 110 msg="ProxyStrip: POP3 Extra pad characters in base64 input" proxy_act="POP3-Server.1" pad_error="1" (POP3-IN-00)"
21FF001E	INFO	Proxy / POP3	Application match	POP3 App match	"Application Control identified the application from the email message. The log specifies the application name and ID, application category and ID, and the application behavior name and ID."	"Allow 1-Trusted 0-External tcp 10.0.1.2 100.100.100.11 44042 110 msg="ProxyAllow: POP3 App match" proxy_act="POP3-Client.1" app_cat_name="Mail and Collaboration" app_cat_id="5" app_name="POP3" app_id="2" app_beh_name="communicate" app_beh_id="2" (POP3-proxy-00)"
21FF001F	INFO	Proxy / POP3	APT threat detected	POP3 APT detected	APT Blocker found the threat specified in the log message in an attached file.	"Deny 1-Trusted 0-External tcp 10.0.1.2 100.100.100.3 47193 110 msg="ProxyDrop: POP3 APT detected" proxy_act="POP3-Client.Standard.1" user="wg" filename="971d3aa1c683c69f425cc6ddf66833d3d172f0fd.apk" md5="7abebcf53e97b586c92a9ce5b9985cd4" task_uuid="e8a3730d1f88491c8821712e85d94929" threat_level="high" (POP3-proxy-00)"
21FF0021	INFO	Proxy / POP3	File submitted to APT analysis server	POP3 File submitted to APT analysis server	File submitted to APT analysis server for deep threat analysis. The analysis result will be notified when the analysis result is fetched from APT analysis server.	"Allow 1-Trusted 0-External tcp 10.0.1.2 100.100.100.3 47187 110 msg="ProxyAllow: POP3 File submitted to APT analysis server" proxy_act="POP3-Client.Standard.1" user="wg" filename="971d3aa1c683c69f425cc6ddf66833d3d172f0fd.apk" md5="7abebcf53e97b586c92a9ce5b9985cd4" task_uuid="e8a3730d1f88491c8821712e85d94929" (POP3-proxy-00)"
21FF0022	INFO	Proxy / POP3	File reported safe from APT hash check	POP3 File reported safe from APT hash check	APT hash check did not report a threat from the object	"Allow 1-Trusted 0-External tcp 10.0.1.2 100.100.100.3 47187 110 msg="ProxyAllow: POP3 File reported safe from APT hash check" proxy_act="POP3-Client.Standard.1" user="wg" filename="971d3aa1c683c69f425cc6ddf66833d3d172f0fd.apk" md5="7abebcf53e97b586c92a9ce5b9985cd4" task_uuid="e8a3730d1f88491c8821712e85d94929" (POP3-proxy-00)"
28FF0000	INFO	Proxy / SIP	Timeout	SIP timeout	The connection was idle for longer than the configured timeout value. The default value is 180 seconds.	"Deny 1-Trusted 0-External udp 10.0.1.5 192.168.53.143 5060 5060 msg="ProxyDrop: SIP timeout" (SIP-ALG-00)"
28FF0004	INFO	Proxy / SIP	Request	SIP request	The log message specifies the source and destination of the allowed call.	"Allow 1-Trusted 0-External udp 10.0.1.3 192.168.53.143 5060 5060 msg="SIP request" proxy_act="SIP-Client.1" call_from="10.0.1.3" call_to="192.168.53.143" (SIP-ALG-00)"
28FF0005	INFO	Proxy / SIP	Codec	SIP codec	The codec is allowed or denied based on the setting for Denied Codecs in the SIP policy.	"Deny 1-Trusted 0-External udp 10.0.1.3 192.168.53.143 5060 5060 msg="ProxyDeny: SIP codec" proxy_act="SIP-Client.1" codec="speex" (SIP-ALG-00)"
28FF0006	INFO	Proxy / SIP	Access control	SIP Access control	"The header address is allowed or denied based on the Access Control settings. The log message specifies the action taken, header and message ID."	"Allow 1-Trusted 0-External udp 10.0.1.3 192.168.53.143 5060 5060 msg="ProxyAllow: SIP Access control" proxy_act="SIP-Client.1" To-header="zoolvb1@192.168.53.143" (SIP-ALG-00)"
28FF0008	INFO	Proxy / SIP	IPS match	SIP IPS match	"Intrusion Prevention Service (IPS) detected an intrusion threat. The log message specifies the signature ID, threat severity, signature name, signature category, destination host name and URI path."	"Deny 0-External 1-Trusted udp 10.0.1.5 192.168.53.143 5060 5060 msg="ProxyDrop: SIP IPS match" proxy_act="SIP-Client.1" signature_id="1057422" severity="4" signature_name="SIP Digium Asterisk SIP SDP Header Parsing Stack Buffer Overflow -1" signature_cat="Buffer Over Flow" (SIP-ALG-00)"
28FF0009	INFO	Proxy / SIP	Application match	SIP App match	"Application Control identified an application from the transaction. The log message specifies the action taken, the application name and ID, application category name and ID, and the application behavior name and ID."	"Deny 1-Trusted 0-External udp 10.0.1.4 192.168.53.143 5060 5060 msg="ProxyDrop: SIP App match" proxy_act="SIP-Client.1" signature_id="12" app_name="SIP" beh_name="communicate" app_msg="Application matched. application name: SIP; behavior name:communicate" (SIP-ALG-00)"
1BFF0000	INFO	Proxy / SMTP	Greeting	SMTP greeting	"The host name in the SMTP proxy HELO or EHLO command matched one of the Greeting Rules, or the default rule of no match."	"Deny 1-Trusted 0-External tcp 10.0.1.2 100.100.100.11 39366 25 msg="ProxyDeny: SMTP greeting" proxy_act="SMTP-Outgoing.1" rule_name="*.test.net" hostname="testbox.test.net" (SMTP-proxy-00)"
1BFF0001	INFO	Proxy / SMTP	ESMTP option	SMTP ESMTP option	The EHLO response from the SMTP server includes an ESMTP option that is disabled or unknown.	"Allow 1-Trusted 0-External tcp 10.0.1.2 100.100.100.11 39371 25 msg="ProxyStrip: SMTP ESMTP option" proxy_act="SMTP-Outgoing.1" keyword="VRFY" (SMTP-proxy-00)"
1BFF0002	INFO	Proxy / SMTP	Authentication (AUTH)	SMTP AUTH	"The EHLO response from the SMTP server included an authentication type that matches a configured authentication rule. The log message specifies the proxy action, the rule name, the action taken, and the authentication type."	"Deny 1-Trusted 0-External tcp 10.0.1.2 100.100.100.11 39374 25 msg="ProxyDeny: SMTP AUTH" proxy_act="SMTP-Outgoing.1" rule_name="PLAIN" authtype="PLAIN" (SMTP-proxy-00)"
1BFF0003	INFO	Proxy / SMTP	Header	SMTP header	"A MIME header matched a configured rule, or the default rule of no match."	"Allow 1-Trusted 0-External tcp 10.0.1.2 100.100.100.11 39379 25 msg="ProxyStrip: SMTP header" proxy_act="SMTP-Outgoing.1" rule_name="Default" header="X-MimeOLE: Produced By Microsoft Exchange V6.0.6603.0" (SMTP-proxy-00)"
1BFF0004	INFO	Proxy / SMTP	From address	SMTP From address	The sender address matched a rule specified in the Mail From rules.	"Deny 1-Trusted 0-External tcp 10.0.1.2 100.100.100.11 39383 25 msg="ProxyDeny: SMTP From address" proxy_act="SMTP-Outgoing.1" rule_name="jsmith@*.com->ex-employee" address="dbonn@testnet.com" (SMTP-proxy-00)"
1BFF0005	INFO	Proxy / SMTP	To address	SMTP To address	The recipient address matched a rule specified in the Rcpt To rules.	"Deny 1-Trusted 0-External tcp 10.0.1.2 100.100.100.11 39384 25 msg="ProxyDeny: SMTP To address" proxy_act="SMTP-Outgoing.1" rule_name="Default" address="tester@testnet.com" (SMTP-proxy-00)"
1BFF0006	INFO	Proxy / SMTP	Content type	SMTP content type	Some of the message content matched a content filter rule.	"Allow 1-Trusted 0-External tcp 10.0.1.2 100.100.100.11 39391 25 msg="ProxyAvScan: SMTP content type" proxy_act="SMTP-Outgoing.1" rule_name="Default" content_type="application/x-gzip" sender="tester@testnet.com" recipients="wg@localhost" (SMTP-proxy-00)"
1BFF0007	INFO	Proxy / SMTP	Filename	SMTP filename	"An email attachment matched a file name rule, or the attachment is uuencoded and the SMTP proxy allows uuencoded attachments."	"Allow 1-Trusted 0-External tcp 10.0.1.2 100.100.100.11 39436 25 msg="ProxyStrip: SMTP filename" proxy_act="SMTP-Outgoing.1" rule_name="*.exe" file_name="app.exe" sender="tester@testnet.com" recipients="wg@localhost" (SMTP-proxy-00)"
1BFF000A	INFO	Proxy / SMTP	Timeout	SMTP timeout	The SMTP connection was idle for longer than the configured idle timeout limit. The default is 10 minutes.	"Deny 1-Trusted 0-External tcp 10.0.1.2 100.100.100.11 39402 25 msg="ProxyDeny: SMTP timeout" proxy_act="SMTP-Outgoing.1" timeout="60" (SMTP-proxy-00)"
1BFF000C	INFO	Proxy / SMTP	GAV Virus found	SMTP Virus found	Gateway AntiVirus (GAV) detected a virus or malware in an email attachment.	"Allow 1-Trusted 0-External tcp 10.0.1.2 100.100.100.11 39445 25 msg="ProxyStrip: SMTP Virus found" proxy_act="SMTP-Outgoing.1" sender="tester@testnet.com" recipients="wg@localhost" virus="I-Worm/Netsky.CORRUPTED" filename="message.scr" (SMTP-proxy-00)"
1BFF000E	INFO	Proxy / SMTP	GAV cannot perform scan	SMTP cannot perform Gateway AV scan	Gateway AntiVirus (GAV) could not complete the scan because of the error that is specified in the log message.	"Allow 1-Trusted 0-External tcp 10.0.1.2 100.100.100.11 39589 25 msg="ProxyLock: SMTP cannot perform Gateway AV scan" proxy_act="SMTP-Outgoing.1" sender="tester@testnet.com" recipients="wg@localhost" error="scan request failed" filename="message.scr" (SMTP-proxy-00)"
1BFF000F	INFO	Proxy / SMTP	Request	SMTP request	"This SMTP audit log specifies the bytes sent, bytes received, the sender and recipient addresses, and the sender and recipient TLS cipher."	"Allow 1-Trusted 0-External tcp 10.0.1.2 100.100.100.11 39398 25 msg="SMTP request" proxy_act="SMTP-Outgoing.1" rcvd_bytes="272" sent_bytes="282" sender="tester@testnet.com" recipients="wg@localhost" server_ssl="ECDHE-RSA-AES256-GCM-SHA384" client_ssl="AES128-SHA256" tls_profile="TLS-Client.Standard"(SMTP-proxy-00)"
1BFF0010	INFO	Proxy / SMTP	Message format	SMTP message format	The email message format matched a message format rule specified in the SMTP proxy. The log message includes the error message.	"Deny 1-Trusted 0-External tcp 10.0.1.2 100.100.100.11 39452 25 msg="ProxyDeny: SMTP message format" proxy_act="SMTP-Outgoing.1" file_name="sm_conns.txt" type="uuencode" sender="tester@testnet.com" recipients="wg@localhost" (SMTP-proxy-00)"
1BFF0011	INFO	Proxy / SMTP	IPS match	SMTP IPS match	"Intrusion Prevention Service (IPS) detected a threat. The log message specifies the signature name and ID, threat severity, and signature category."	"Deny 0-External 1-Trusted tcp 172.16.180.2 172.16.181.2 1024 25 msg="ProxyDrop: SMTP IPS match" proxy_act="SMTP-Incoming.1" signature_id="1110401" severity="4" signature_name="EXPLOIT IBM Lotus Notes Lotus 1-2-3 Work Sheet File Viewer Buffer Overflow (CVE-2007-6593)" signature_cat="Buffer Over Flow" (SMTP-proxy-00)"
1BFF0013	INFO	Proxy / SMTP	Too many recipients	SMTP too many recipients	The number of email recipients specified in the email message exceeds the configured limit. The default limit is 99 for inbound messages and unlimited for outbound messages. The log message specifies the proxy action and number of recipients.	"Allow 1-Trusted 0-External tcp 10.0.1.2 100.100.100.11 39404 25 msg="ProxyDeny: too many recipients" proxy_act="SMTP-Outgoing.1" rule_name="Default" content_type="" sender="tester@testnet.com" recipients="wg1@tenet.com;wg2@testnet.com" (SMTP-proxy-00)"
1BFF0014	INFO	Proxy / SMTP	Response size too long	SMTP response size too long	"The SMTP server response exceeds the configured limit. The default limit is 10,000 KB. The log message specifies the size of the response."	"Deny 1-Trusted 0-External tcp 10.0.1.2 100.100.100.11 39973 25 msg="ProxyDeny: SMTP response size too long" proxy_act="SMTP-Outgoing.1" response_size="5030" (SMTP-proxy-00)"
1BFF0015	INFO	Proxy / SMTP	Line too long	SMTP line length too long	"The email message contains a line that exceeds the configured limit. The default is 1,000 bytes. The log message specifies the line length."	"Deny 1-Trusted 0-External tcp 10.0.1.2 100.100.100.11 39457 25 msg="ProxyDeny: SMTP line length too long" proxy_act="SMTP-Outgoing.1" line_length="32110" (SMTP-proxy-00)"
1BFF0016	INFO	Proxy / SMTP	Message too long	SMTP message size too long	"The SMTP message length exceeds the configured limit. The default limit is 10,000 kb."	"Deny 1-Trusted 0-External tcp 10.0.1.2 100.100.100.11 39466 25 msg="ProxyDeny: SMTP message size too long" proxy_act="SMTP-Outgoing.1" size="16384" (SMTP-proxy-00)"
1BFF0017	INFO	Proxy / SMTP	Header too long	SMTP header size too long	"The SMTP message contains a header that exceeds the configured Maximum Header Length. The default is 20,000 bytes."	"Deny 1-Trusted 0-External tcp 10.0.1.2 100.100.100.11 39473 25 msg="ProxyDeny: SMTP header size too long" proxy_act="SMTP-Outgoing.1" headers_size="12157" (SMTP-proxy-00)"
1BFF0018	INFO	Proxy / SMTP	Command	SMTP command	"The SMTP request contains a command that is not supported or is not valid for the email transaction. The log message specifies the proxy action, action taken, SMTP command, and the response code."	"Deny 1-Trusted 0-External tcp 10.0.1.2 100.100.100.11 39474 25 msg="ProxyDeny: SMTP command" proxy_act="SMTP-Outgoing.1" keyword="VERIFY\x0d\x0a" response="500" (SMTP-proxy-00)"
1BFF0019	INFO	Proxy / SMTP	spamBlocker confirmed spam	SMTP Classified as confirmed SPAM	"spamBlocker has classified the message as confirmed SPAM. The log message specifies the proxy action, the action taken, and the sender and recipient addresses."	"Deny 1-Trusted 0-External tcp 10.0.1.2 100.100.100.11 39446 25 msg="ProxyDeny: SMTP Classified as confirmed SPAM" proxy_act="SMTP-Outgoing.1" sender="tester@testnet.com" recipients="wg@localhost" (SMTP-proxy-00)"
1BFF001A	INFO	Proxy / SMTP	spamBlocker bulk spam	SMTP Classified as bulk mail	"spamBlocker has classified the message as bulk SPAM. The log message specifies the proxy action, the action taken, and the sender and recipient addresses."	"Allow 1-Trusted 0-External tcp 10.0.1.2 100.100.100.11 39499 25 msg="ProxyReplace: SMTP Classified as bulk mail" proxy_act="SMTP-Outgoing.1" sender="tester@testnet.com" recipients="wg@localhost" (SMTP-proxy-00)"
1BFF001B	INFO	Proxy / SMTP	spamBlocker suspect spam	SMTP Classified as suspect SPAM	"spamBlocker has classified the message as suspect SPAM. The log message specifies the proxy action, the action taken, and the sender and recipient addresses."	"Allow 1-Trusted 0-External tcp 10.0.1.2 100.100.100.11 39999 25 msg="ProxyAllow: SMTP Classified as suspect SPAM" proxy_act="SMTP-Outgoing.1" sender="tester@wgrd.com" recipients="wg@localhost" (SMTP-proxy-00)"
1BFF001C	INFO	Proxy / SMTP	spamBlocker not SPAM	SMTP Classified as not SPAM	"spamBlocker has classified the message as not SPAM. The log message specifies the proxy action, the action taken, and the sender and recipient addresses."	"Allow 1-Trusted 0-External tcp 10.0.1.2 100.100.100.11 39487 25 msg="ProxyAllow: SMTP Classified as not SPAM" proxy_act="SMTP-Outgoing.1" sender="tester@testnet.com" recipients="wg@localhost" (SMTP-proxy-00)"
1BFF001D	INFO	Proxy / SMTP	spamBlocker classification unknown	SMTP message classification is unknown because an error occurred while classifying	spamBlocker was unable to classify the email message because of an error. The log message specifies the sender and recipient addresses.	"Deny 1-Trusted 0-External tcp 10.0.1.2 100.100.100.11 39524 25 msg="ProxyDeny: SMTP message classification is unknown because an error occurred while classifying" proxy_act="SMTP-Outgoing.1" sender="tester@testnet.com" recipients="wg@localhost" (SMTP-proxy-00)"
1BFF001E	INFO	Proxy / SMTP	spamBlocker exception matched	SMTP spamBlocker exception was matched	The sender or recipient of the email message matches a spamBlocker exception specified in the SMTP proxy.	"Allow 1-Trusted 0-External tcp 10.0.1.2 100.100.100.11 39476 25 msg="ProxyAvScan: SMTP spamBlocker exception" proxy_act="SMTP-Outgoing.1" rule_name="Default" content_type="" sender="tester@watchguard.com" recipients="wg@localhost" (SMTP-proxy-00)"
1BFF001F	INFO	Proxy / SMTP	Decoder error	SMTP An error was found by our decoder	The SMTP proxy was unable to decode the email message due to the error specified in the log message.	"Allow 1-Trusted 0-External tcp 10.0.55.253 100.100.100.155 36921 25 msg="ProxyStrip: SMTP An error was found by our decoder" proxy_act="SMTP-Outgoing.1" message="invalid b64 characters in input" (SMTP-OUT-00)"
1BFF0021	INFO	Proxy / SMTP	Extra pad characters in base64 encoding	SMTP extra pad characters in base64 input	The SMTP proxy encountered extra pad characters when the body of the base64-encoded message was processed.	"Allow 1-Trusted 0-External tcp 10.0.55.253 100.100.100.155 36664 25 msg="ProxyStrip: SMTP extra pad characters in base64 input" proxy_act="SMTP-Outgoing.1" pad_error="1" (SMTP-OUT-00)"
1BFF0022	INFO	Proxy / SMTP	Mail from address too long	SMTP Mail From address too long	A sender email address exceeded the configured maximum address length. The address length is unlimited by default.	"Deny 1-Trusted 0-External tcp 10.0.1.2 100.100.100.11 39497 25 msg="ProxyDeny: SMTP Mail From address too long" proxy_act="SMTP-Outgoing.1" address="senderEmailAddressIsTooLongForTheForSettings@testnet.com" length="56" response="553" (SMTP-proxy-00)"
1BFF0023	INFO	Proxy / SMTP	Application match	SMTP App match	Application Control identified the application in the mail message that is specified in the log message.	"Deny 1-Trusted 0-External tcp 10.0.1.2 100.100.100.11 39913 25 msg="ProxyDrop: SMTP App match" proxy_act="SMTP-Outgoing.1" app_cat_name="Mail and Collaboration" app_cat_id="5" app_name="SMTP" app_id="1" app_beh_name="access" app_beh_id="6" (SMTP-proxy-00)"
1BFF0024	INFO	Proxy / SMTP	DLP violation found	SMTP DLP violation Found	Data Loss Prevention (DLP) detected the rule violation that is specified in the log message.	"Allow 1-Trusted 0-External tcp 10.0.1.2 100.100.100.11 39510 25 msg="ProxyAllow: SMTP DLP violation Found" proxy_act="SMTP-Outgoing.1" dlp_sensor="PCI Audit Sensor.1" dlp_rule="SocialsecuritynumbersUSA" sender="tester@testnet.com" recipients="wg@localhost" filename="ssn.docx" (SMTP-proxy-00)"
1BFF0025	INFO	Proxy / SMTP	DLP cannot perform scan	SMTP cannot perform DLP Scan	Data Loss Prevention (DLP) is unable to scan because of the error specified in the log message.	"Allow 1-Trusted 0-External tcp 10.0.1.2 100.100.100.11 39589 25 msg="ProxyLock: SMTP cannot perform DLP scan" proxy_act="SMTP-Outgoing.1" sender="tester@testnet.com" recipients="wg@localhost" error="scan request failed" filename="message.scr" (SMTP-proxy-00)"
1BFF0026	INFO	Proxy / SMTP	DLP cannot scan object	SMTP DLP object unscannable	Data Loss Prevention (DLP) is unable to extract data from an object because the object is encrypted.	"Allow 1-Trusted 0-External tcp 10.0.1.2 100.100.100.11 39900 25 msg="ProxyAllow: SMTP DLP object unscannable" proxy_act="SMTP-Outgoing.1" dlp_sensor="PCI Audit Sensor.1" error="unscannable object (File was encrypted)" sender="tester@wgrd.com" recipients="wg@localhost" (SMTP-proxy-00)"
1BFF0027	INFO	Proxy / SMTP	DLP object too large	SMTP DLP object too large	"The file requested for Data Loss Prevention (DLP) analysis is larger than the configured limit. The default value varies by platform, from one to five MB. The log specifies the DLP sensor name and error message."	"May 30 06:36:45 2014 gary_xtmv local1.info smtp-proxy[2861]: msg_id="1BFF-0027" Allow 1-Trusted 0-External tcp 10.0.1.2 100.100.100.3 50976 25 msg="ProxyAllow: SMTP DLP oject too large" proxy_act="SMTP-Outgoing.1" sender="ghong@watchguard.com" recipients="wg@localhost" error="DLP scan limit (524288) exceeded" filename="2M-dlp-violates-end.txt" (SMTP-proxy-00)"
1BFF0028	INFO	Proxy / SMTP	APT threat detected	SMTP APT detected	APT Blocker found the threat specified in the log message in an attached file.	"Allow 1-Trusted 0-External tcp 10.0.1.2 100.100.100.11 39771 25 msg="ProxyAllow: SMTP APT detected" proxy_act="SMTP-Outgoing.1" sender="tester@wgrd.com" recipients="wg@localhost" filename="ecc59a46b439bdf63b058964e29ace0c" md5="ecc59a46b439bdf63b058964e29ace0c" task_uuid="b239bc669b534fcfa61bd78e156c9b19" threat_level="high" (SMTP-proxy-00)"
1BFF002A	INFO	Proxy / SMTP	File submitted to APT analysis server	SMTP File submitted to APT analysis server	File submitted to APT analysis server for deep threat analysis. The analysis result will be notified when the analysis result is fetched from APT analysis server.	"Allow 1-Trusted 0-External tcp 10.0.1.2 100.100.100.11 39965 25 msg="ProxyAllow: SMTP File submitted to APT analysis server" proxy_act="SMTP-Outgoing.1" sender="tester@wgrd.com" recipients="wg@localhost" filename="regex2.dll" md5="547c43567ab8c08eb30f6c6bacb479a3" task_uuid="b8517202826a43fc93dba00f9e8c30ed" (SMTP-proxy-00)"
1BFF002B	INFO	Proxy / SMTP	File reported safe from APT hash check	SMTP File reported safe from APT hash check	APT hash check did not report a threat from the object	"Allow 1-Trusted 0-External tcp 10.0.1.2 100.100.100.11 39965 25 msg="ProxyAllow: SMTP File reported safe from APT hash check" proxy_act="SMTP-Outgoing.1" sender="tester@wgrd.com" recipients="wg@localhost" filename="regex2.dll" md5="547c43567ab8c08eb30f6c6bacb479a3" task_uuid="b8517202826a43fc93dba00f9e8c30ed" (SMTP-proxy-00)"
1BFF002C	INFO	Proxy / SMTP	Protocol invalid	SMTP invalid TLS protocol	The SMTP proxy detected invalid TLS protocol.	"Deny 1-Trusted 0-External tcp 10.0.1.2 192.168.53.143 41551 465 msg="ProxyDrop: SMTP invalid TLS protocol" proxy_act="SMTP-Outgoing.1" (SMTP-proxy-00)"
2DFF0000	INFO	Proxy / TCP-UDP	Request	IP Request	TCP-UDP transaction log for the traffic that is configured to allow or deny.	"Allow ppp0 0-External tcp 10.0.1.46 206.191.171.104 49391 80 msg="IP Request" proxy_act="TCP-UDP-Proxy.Standard.1" sent_bytes="72271" rcvd_bytes="72271" src_user="testuser@Firebox-DB" (TCP-UDP-proxy-00)"
2DFF0001	INFO	Proxy / TCP-UDP	IPS match	IP IPS match	"Intrusion Prevention Service (IPS) detected an intrusion threat in TCP-UDP proxy traffic. The log message specifies the action taken, signature ID, threat severity, signature name, and signature category."	"Deny 0-External 1-Trusted udp 10.0.1.5 192.168.53.143 1025 80 msg="ProxyDrop: TCP-UDP IPS match" proxy_act="TCP-UDP-Proxy.1" signature_id="1110070" severity="4" signature_name="DOS Apache mod_ssl HTTPS Request DOS -1" signature_cat="Dos/DDoS" (TCP-UDP-proxy-00)"
2DFF0004	INFO	Proxy / TCP-UDP	Protocol	IP protocol	"The TCP-UDP proxy recognized the protocol. The log message specifies the action taken, and the rule name."	"Allow 1-Trusted 0-External tcp 10.0.1.2 91.189.95.36 53246 80 msg="ProxyReplace: IP protocol" proxy_act="TCP-UDP-Proxy.1" rule_name="HTTP-Client.1" new_action="HTTP-Client.1" (TCP-UDP-proxy-00)"
2DFF0005	INFO	Proxy / TCP-UDP	Application match	IP App match	"Application Control identified the application type from the TCP-UDP proxy traffic. The log message specifies the action taken, the application name and ID, the application category name and ID, and the application behavior and ID."	"Allow 1-Trusted 0-External udp 10.0.1.3 4.2.2.1 63690 53 msg="ProxyAllow: IP App match" proxy_act="TCP-UDP-Proxy.1" app_cat_name="Network Management" app_cat_id="9" app_name="DNS" app_id="61" app_beh_name="access" app_beh_id="6" (TCP-UDP-proxy-00)"
